Timesteps,Ep_Rew_Mean
500,40.542787
1000,40.991485
1500,40.942564
2000,40.980235
2500,42.140758
3000,41.661812
3500,40.862752
4000,40.743604
4500,42.460994
5000,43.387268
5500,42.668314
6000,41.051944
6500,41.199834
7000,41.534128
7500,40.230915
8000,42.135061
8500,42.727211
9000,42.427202
9500,41.416507
10000,41.702884
10500,41.193507
11000,42.316847
11500,41.920264
12000,41.654208
12500,41.110854
13000,40.326154
13500,41.854554
14000,42.125624
14500,42.091596
15000,41.675631
15500,41.497331
16000,41.021756
16500,41.832126
17000,43.078733
17500,41.994088
18000,42.985129
18500,42.97212
19000,41.79064
19500,41.928424
20000,42.654865
20500,42.232128
21000,42.311668
21500,42.11152
22000,42.2412
22500,41.898682
23000,43.929884
23500,41.988037
24000,43.314729
24500,41.266517
25000,41.717752
25500,43.320505
26000,42.551192
26500,42.453466
27000,42.545454
27500,42.368645
28000,42.485901
28500,41.951334
29000,42.727093
29500,42.57817
30000,42.230972
30500,42.72247
31000,44.273424
31500,42.100493
32000,43.474013
32500,43.722185
33000,43.259832
33500,42.622815
34000,43.294924
34500,42.79375
35000,44.286894
35500,44.314895
36000,43.86837
36500,43.76518
37000,44.430776
37500,43.292916
38000,44.552916
38500,43.516016
39000,43.16806
39500,42.832505
40000,44.296167
40500,43.375866
41000,44.568581
41500,43.862029
42000,44.884622
42500,43.608713
43000,43.354967
43500,42.406547
44000,43.31774
44500,43.886905
45000,43.935304
45500,44.277268
46000,44.188645
46500,43.518238
47000,45.588905
47500,44.440382
48000,43.855732
48500,45.153164
49000,45.176025
49500,44.503562
50000,44.068545
50500,44.886183
51000,45.093297
51500,44.606458
52000,43.636299
52500,45.737232
53000,44.311737
53500,44.858686
54000,44.336635
54500,45.153305
55000,44.607642
55500,46.049292
56000,46.349146
56500,44.242325
57000,45.419132
57500,45.77713
58000,44.677288
58500,45.028439
59000,46.117575
59500,46.399568
60000,46.28916
60500,45.274849
61000,45.767357
61500,45.014546
62000,45.440747
62500,46.005084
63000,46.213339
63500,45.377296
64000,45.711406
64500,45.232612
65000,44.711681
65500,45.675073
66000,46.737865
66500,46.301853
67000,46.792086
67500,45.985683
68000,46.587863
68500,45.090986
69000,45.37824
69500,46.485158
70000,46.690851
70500,47.487023
71000,47.090028
71500,47.347447
72000,46.671424
72500,47.32667
73000,45.641089
73500,46.33149
74000,46.768149
74500,45.964369
75000,47.548822
75500,46.999354
76000,45.720228
76500,47.493008
77000,47.373624
77500,47.264006
78000,46.811867
78500,47.318617
79000,47.909809
79500,48.299008
80000,47.150191
80500,49.143914
81000,48.552536
81500,46.072703
82000,47.871058
82500,46.846116
83000,48.337548
83500,48.881164
84000,48.749905
84500,48.139534
85000,50.071442
85500,48.104357
86000,46.653018
86500,47.661951
87000,47.837076
87500,49.171427
88000,48.547309
88500,46.779397
89000,48.479138
89500,47.722658
90000,48.988574
90500,51.145622
91000,49.246927
91500,48.273861
92000,48.362028
92500,47.296574
93000,50.478946
93500,49.475191
94000,50.09103
94500,50.5748
95000,50.070418
95500,50.42977
96000,49.637517
96500,49.681809
97000,49.895544
97500,49.373041
98000,50.980615
98500,48.433041
99000,50.784352
99500,52.401713
100000,51.771304
100500,49.006066
101000,51.566502
101500,51.988393
102000,51.355531
102500,49.885018
103000,49.726947
103500,50.693274
104000,53.24801
104500,51.230681
105000,51.590705
105500,50.508688
106000,54.626936
106500,50.761187
107000,55.056726
107500,53.468501
108000,52.38252
108500,52.870974
109000,53.118377
109500,52.995293
110000,51.598214
110500,53.244954
111000,53.956953
111500,53.948736
112000,53.095045
112500,52.76407
113000,52.441016
113500,53.122411
114000,55.252462
114500,54.856778
115000,55.313455
115500,56.64387
116000,59.95433
116500,55.69758
117000,55.056829
117500,55.144044
118000,56.315297
118500,52.875759
119000,53.36012
119500,54.019659
120000,56.47077
120500,55.331831
121000,54.498772
121500,54.071892
122000,58.314835
122500,55.416112
123000,58.437764
123500,64.326659
124000,62.142018
124500,54.102555
125000,55.758136
125500,58.117341
126000,62.473053
126500,71.90985
127000,60.051546
127500,61.319052
128000,69.872133
128500,56.907993
129000,65.245357
129500,70.706371
130000,64.334549
130500,58.789011
131000,69.682632
131500,65.307736
132000,61.296735
132500,68.100325
133000,60.593596
133500,72.586801
134000,70.466703
134500,67.98567
135000,62.70889
135500,69.708513
136000,71.011083
136500,76.671195
137000,79.983917
137500,61.005619
138000,68.917497
138500,80.9463
139000,68.315112
139500,70.65799
140000,73.41602
140500,80.519588
141000,86.593966
141500,67.345849
142000,77.447805
142500,83.206329
143000,69.801836
143500,78.529328
144000,79.927363
144500,80.770965
145000,86.541834
145500,76.999421
146000,74.085742
146500,80.504688
147000,80.451694
147500,90.913906
148000,70.069458
148500,84.242834
149000,74.469376
149500,69.365175
150000,89.926148
150500,81.090105
151000,88.595736
151500,80.621519
152000,80.064053
152500,87.369668
153000,82.172581
153500,85.040304
154000,83.404648
154500,80.584867
155000,82.690012
155500,85.361445
156000,78.022793
156500,86.158581
157000,73.647519
157500,77.935464
158000,86.297844
158500,83.281458
159000,87.170017
159500,91.978745
160000,87.331599
160500,78.903098
161000,88.086692
161500,89.289775
162000,83.25523
162500,88.705675
163000,90.093
163500,87.149609
164000,88.27099
164500,88.034901
165000,91.391312
165500,87.465096
166000,88.33163
166500,90.149379
167000,85.78792
167500,84.790707
168000,82.802015
168500,96.050884
169000,81.764927
169500,88.253292
170000,80.933127
170500,93.989521
171000,86.675384
171500,92.659737
172000,94.46335
172500,89.41775
173000,91.908778
173500,94.430347
174000,100.037076
174500,86.859012
175000,95.608232
175500,96.464221
176000,93.228525
176500,91.999303
177000,86.845545
177500,94.506086
178000,100.976683
178500,96.896328
179000,96.119896
179500,97.999032
180000,93.212749
180500,106.138277
181000,100.25682
181500,93.264885
182000,99.379926
182500,95.79364
183000,103.256687
183500,96.940784
184000,95.442853
184500,99.777325
185000,101.037448
185500,97.569268
186000,88.631011
186500,99.497913
187000,94.860202
187500,96.366437
188000,99.874702
188500,98.975256
189000,100.559907
189500,95.780695
190000,96.010144
190500,89.346475
191000,97.801914
191500,100.892384
192000,96.616036
192500,97.581413
193000,91.96765
193500,96.868144
194000,96.647629
194500,100.496698
195000,98.541002
195500,97.676295
196000,97.301044
196500,106.915054
197000,92.052446
197500,96.315799
198000,93.790544
198500,96.982225
199000,92.528612
199500,88.919054
200000,103.732677
200500,103.228141
201000,94.239951
201500,95.071312
202000,101.574319
202500,97.279012
203000,102.157898
203500,99.042342
204000,95.839521
204500,110.693528
205000,93.921455
205500,94.829123
206000,94.719853
206500,102.040463
207000,100.356476
207500,112.683232
208000,97.722925
208500,93.836576
209000,94.826194
209500,101.416348
210000,95.517322
210500,100.427706
211000,107.772132
211500,105.842797
212000,97.32343
212500,105.648463
213000,99.412252
213500,110.561783
214000,106.962093
214500,97.375671
215000,100.198113
215500,102.793817
216000,103.115829
216500,108.577133
217000,103.201221
217500,120.789595
218000,120.243474
218500,98.130887
219000,106.462515
219500,102.917532
220000,101.300961
220500,113.119601
221000,101.41593
221500,104.306324
222000,105.178892
222500,100.33111
223000,116.553493
223500,104.90441
224000,109.88996
224500,117.12036
225000,103.29205
225500,109.078985
226000,109.955392
226500,107.472944
227000,106.698593
227500,118.431722
228000,110.126338
228500,105.585994
229000,104.22592
229500,101.92111
230000,104.664919
230500,107.313313
231000,107.171653
231500,120.754586
232000,114.215086
232500,107.020638
233000,105.069786
233500,121.780194
234000,103.288923
234500,106.544107
235000,118.675172
235500,105.543216
236000,106.487493
236500,110.017832
237000,102.340496
237500,118.196565
238000,124.534323
238500,105.755193
239000,106.476041
239500,120.79588
240000,108.979119
240500,105.90569
241000,108.459123
241500,105.808261
242000,127.433545
242500,128.681637
243000,112.771305
243500,108.959946
244000,118.868208
244500,96.1737
245000,111.310386
245500,114.44935
246000,107.66271
246500,122.883446
247000,109.42564
247500,108.44234
248000,115.7747
248500,131.29971
249000,115.014712
249500,110.8326
250000,109.130295
250500,110.888149
251000,108.94672
251500,112.439644
252000,108.90409
252500,111.557181
253000,125.02686
253500,109.213238
254000,112.856088
254500,128.155043
255000,109.219135
255500,124.006929
256000,97.857759
256500,122.918598
257000,120.167456
257500,122.779631
258000,129.850772
258500,124.83533
259000,131.911038
259500,125.019282
260000,121.556491
260500,111.114442
261000,119.194044
261500,108.201027
262000,126.822935
262500,132.161652
263000,97.087514
263500,118.257356
264000,123.621467
264500,126.658057
265000,126.870772
265500,127.335874
266000,129.572018
266500,106.390188
267000,114.007411
267500,131.216213
268000,131.518609
268500,125.143727
269000,122.094755
269500,114.56793
270000,130.026081
270500,129.747979
271000,120.932486
271500,118.500771
272000,124.941328
272500,114.511209
273000,109.93229
273500,111.389584
274000,112.934253
274500,128.973098
275000,124.056447
275500,128.898419
276000,108.171231
276500,135.20662
277000,123.254284
277500,130.836226
278000,129.392618
278500,132.479084
279000,117.046587
279500,131.347914
280000,116.913192
280500,111.733146
281000,114.29054
281500,125.175012
282000,129.144338
282500,110.014544
283000,133.690632
283500,128.731637
284000,108.779954
284500,121.477336
285000,132.715733
285500,119.576592
286000,119.790823
286500,127.027599
287000,134.6961
287500,128.022886
288000,131.93373
288500,132.486427
289000,135.004747
289500,127.16092
290000,135.464189
290500,111.02217
291000,131.290321
291500,125.208198
292000,127.087623
292500,124.437825
293000,134.283722
293500,131.814258
294000,132.575513
294500,132.192725
295000,134.287216
295500,115.290247
296000,138.021628
296500,131.410234
297000,137.078511
297500,123.448826
298000,125.902266
298500,132.796761
299000,137.859246
299500,131.363242
300000,135.7227
300500,139.95791
301000,136.82353
301500,139.034281
302000,139.278066
302500,137.130859
303000,131.473028
303500,135.426808
304000,139.881447
304500,127.706156
305000,136.442715
305500,135.251617
306000,134.418365
306500,133.359981
307000,135.693048
307500,135.659832
308000,139.736627
308500,140.674772
309000,133.46803
309500,130.505795
310000,136.515842
310500,133.297995
311000,140.288225
311500,139.670427
312000,137.746807
312500,141.080925
313000,139.610504
313500,138.385221
314000,142.734425
314500,120.703373
315000,136.885649
315500,141.026206
316000,137.411266
316500,139.088938
317000,141.958046
317500,106.97061
318000,141.328409
318500,139.70394
319000,131.682239
319500,137.742591
320000,132.050041
320500,143.072003
321000,140.314655
321500,135.157963
322000,141.552447
322500,142.175792
323000,140.760804
323500,140.761131
324000,139.80568
324500,138.322084
325000,142.820292
325500,137.942998
326000,142.821629
326500,140.541746
327000,141.452172
327500,143.006186
328000,141.775028
328500,140.777884
329000,139.12092
329500,142.807297
330000,142.475941
330500,144.07624
331000,140.217513
331500,141.419449
332000,142.231307
332500,142.266155
333000,131.190672
333500,143.221999
334000,142.675717
334500,142.847869
335000,142.61822
335500,143.106434
336000,140.995209
336500,143.918747
337000,137.660329
337500,142.995796
338000,142.811723
338500,143.876904
339000,144.643605
339500,143.972948
340000,119.847815
340500,145.07249
341000,143.398842
341500,144.501512
342000,141.521211
342500,142.807563
343000,142.107774
343500,139.526411
344000,144.777147
344500,145.543997
345000,143.774668
345500,139.554626
346000,144.913213
346500,146.320266
347000,143.322738
347500,145.549689
348000,142.298473
348500,147.370241
349000,143.508687
349500,145.09891
350000,146.912686
350500,146.814137
351000,144.339428
351500,147.148046
352000,143.958051
352500,143.946506
353000,139.297252
353500,145.494581
354000,144.500382
354500,146.055707
355000,147.120118
355500,147.781266
356000,143.352879
356500,146.800726
357000,147.66155
357500,146.248296
358000,148.425003
358500,146.921258
359000,146.163588
359500,147.007678
360000,147.153638
360500,149.218195
361000,148.658858
361500,148.799497
362000,148.207151
362500,146.21414
363000,145.099888
363500,148.842129
364000,147.305806
364500,150.358627
365000,147.832086
365500,149.425519
366000,147.606717
366500,146.476328
367000,143.734221
367500,145.229579
368000,143.007311
368500,149.292504
369000,145.978513
369500,149.152461
370000,148.438185
370500,149.898084
371000,146.944383
371500,148.994371
372000,149.528243
372500,147.862652
373000,148.423734
373500,148.91414
374000,149.002367
374500,149.745674
375000,150.289295
375500,150.925817
376000,146.734992
376500,148.735403
377000,149.995955
377500,149.900284
378000,150.111252
378500,148.343311
379000,148.688637
379500,147.836365
380000,151.280885
380500,120.81633
381000,150.729753
381500,150.83297
382000,149.380866
382500,152.541509
383000,150.025435
383500,150.504075
384000,147.95141
384500,150.518345
385000,149.611798
385500,151.74249
386000,124.99027
386500,150.296473
387000,152.078646
387500,153.096494
388000,150.698767
388500,150.839113
389000,148.687894
389500,153.91535
390000,152.065516
390500,153.298953
391000,151.032469
391500,152.192029
392000,149.297456
392500,153.078284
393000,123.265141
393500,154.150435
394000,154.333841
394500,152.503796
395000,149.19248
395500,149.405347
396000,139.043654
396500,135.829867
397000,153.551074
397500,149.947632
398000,119.98299
398500,150.899766
399000,146.0938
399500,153.862253
400000,152.221453
400500,150.628578
401000,148.535248
401500,148.633459
402000,152.540788
402500,153.701954
403000,131.955658
403500,152.342992
404000,155.050357
404500,153.19394
405000,151.614492
405500,154.596035
406000,132.60517
406500,151.415597
407000,152.495624
407500,154.220729
408000,150.206813
408500,154.046316
409000,156.073839
409500,154.881549
410000,154.318598
410500,154.933799
411000,154.274224
411500,146.088113
412000,154.87357
412500,154.074302
413000,154.512987
413500,154.732143
414000,154.825062
414500,150.124129
415000,156.635959
415500,155.176693
416000,157.238557
416500,152.247011
417000,154.638429
417500,155.836552
418000,156.333642
418500,154.935735
419000,153.529687
419500,156.285139
420000,154.454041
420500,154.032468
421000,155.440519
421500,155.538682
422000,156.165787
422500,155.344488
423000,155.190123
423500,152.592115
424000,156.660347
424500,155.328134
425000,156.894794
425500,157.945396
426000,156.4274
426500,157.278143
427000,157.677422
427500,157.353757
428000,155.936788
428500,155.83597
429000,154.919888
429500,154.200178
430000,155.419861
430500,156.054066
431000,158.048372
431500,158.439539
432000,152.65395
432500,158.844974
433000,155.886144
433500,156.350838
434000,156.032814
434500,156.956633
435000,157.023135
435500,157.555113
436000,158.394357
436500,157.054605
437000,157.169399
437500,154.323022
438000,157.76657
438500,157.581085
439000,157.83905
439500,155.04445
440000,157.742332
440500,158.369092
441000,157.310647
441500,156.117708
442000,158.279752
442500,159.343986
443000,156.676745
443500,158.661795
444000,157.365303
444500,157.914326
445000,158.505847
445500,157.913903
446000,159.006639
446500,155.173732
447000,158.637804
447500,153.415375
448000,160.020565
448500,158.626016
449000,158.928723
449500,160.348928
450000,158.146622
450500,158.822298
451000,159.79095
451500,159.210577
452000,160.700749
452500,159.143961
453000,160.200514
453500,160.137303
454000,159.972938
454500,158.957553
455000,160.819955
455500,160.740296
456000,160.376393
456500,160.679651
457000,160.274092
457500,160.227609
458000,159.586963
458500,160.052812
459000,159.089612
459500,160.434624
460000,158.922913
460500,158.844012
461000,161.89794
461500,161.139459
462000,159.884821
462500,160.722742
463000,160.360587
463500,162.871428
464000,160.585749
464500,161.623797
465000,161.254208
465500,162.436134
466000,160.615902
466500,162.100409
467000,159.692748
467500,162.739436
468000,162.909849
468500,161.474342
469000,161.499145
469500,162.234989
470000,163.203813
470500,161.217448
471000,162.083372
471500,164.293461
472000,162.465899
472500,161.940455
473000,162.048196
473500,161.133317
474000,162.896704
474500,162.992738
475000,163.437436
475500,162.141494
476000,164.151216
476500,163.580255
477000,164.175086
477500,162.448579
478000,163.987516
478500,162.634723
479000,163.204498
479500,161.491039
480000,161.400225
480500,163.823694
481000,163.708213
481500,161.483302
482000,163.294493
482500,164.827759
483000,163.554255
483500,164.865317
484000,164.213427
484500,164.06935
485000,164.780422
485500,164.456667
486000,163.225842
486500,165.097808
487000,164.50711
487500,164.514941
488000,166.297354
488500,165.753609
489000,165.728379
489500,165.036005
490000,166.776238
490500,163.091417
491000,163.506859
491500,165.295942
492000,165.657198
492500,166.276104
493000,165.249166
493500,165.547758
494000,165.743983
494500,165.830719
495000,166.6225
495500,165.759923
496000,165.927485
496500,165.022772
497000,165.803964
497500,164.436783
498000,166.082683
498500,166.694182
499000,165.599659
499500,166.115802
500000,162.137562
500500,166.477099
501000,166.476155
501500,165.889732
502000,167.035925
502500,167.935331
503000,166.066465
503500,166.782601
504000,163.599728
504500,167.034191
505000,168.290408
505500,167.843002
506000,167.656716
506500,168.31841
507000,166.957172
507500,167.087762
508000,168.535558
508500,159.70229
509000,169.114836
509500,168.7923
510000,167.41853
510500,168.049563
511000,167.598051
511500,166.904792
512000,167.615505
512500,168.316356
513000,168.242781
513500,167.498808
514000,168.686706
514500,169.080253
515000,167.15629
515500,168.291771
516000,168.511081
516500,168.749902
517000,167.990341
517500,168.557307
518000,169.319341
518500,166.601422
519000,169.035637
519500,168.829704
520000,168.779021
520500,170.177897
521000,168.506216
521500,169.241174
522000,169.236052
522500,168.067242
523000,168.80393
523500,169.272882
524000,169.624744
524500,168.733691
525000,167.114917
525500,168.966039
526000,169.288904
526500,170.193024
527000,168.807605
527500,170.713089
528000,169.677567
528500,169.800035
529000,170.173957
529500,170.046647
530000,170.605978
530500,170.196969
531000,170.952813
531500,169.265523
532000,170.44183
532500,170.426451
533000,171.410476
533500,172.758425
534000,171.127124
534500,170.744397
535000,171.088943
535500,169.751719
536000,170.927402
536500,171.3416
537000,168.77145
537500,171.71235
538000,169.912167
538500,170.852296
539000,171.684362
539500,171.503081
540000,169.274981
540500,170.738119
541000,172.242968
541500,172.139493
542000,172.540088
542500,172.338599
543000,169.414511
543500,171.245764
544000,170.625006
544500,171.582383
545000,169.597299
545500,172.252507
546000,171.84329
546500,170.4042
547000,173.038126
547500,173.102051
548000,172.975124
548500,171.926564
549000,172.912888
549500,173.847021
550000,172.463662
550500,172.922715
551000,173.119387
551500,173.025472
552000,171.78118
552500,172.309565
553000,172.292427
553500,173.35159
554000,173.05062
554500,173.206422
555000,173.311161
555500,172.977733
556000,173.003058
556500,174.432265
557000,174.12265
557500,171.891742
558000,171.898382
558500,174.72549
559000,172.758333
559500,173.755138
560000,173.722196
560500,174.398367
561000,173.818055
561500,174.821218
562000,173.742897
562500,171.256562
563000,173.737389
563500,174.814156
564000,174.852195
564500,175.04275
565000,175.246367
565500,175.11562
566000,174.61672
566500,175.623048
567000,175.607764
567500,173.905496
568000,174.675752
568500,175.314734
569000,173.475924
569500,166.316368
570000,174.322659
570500,175.651725
571000,175.481478
571500,174.463142
572000,176.984561
572500,174.53325
573000,174.894224
573500,175.542677
574000,172.948613
574500,170.956801
575000,176.297492
575500,175.039259
576000,176.450378
576500,175.85535
577000,176.123799
577500,175.961477
578000,174.711682
578500,174.987753
579000,175.438039
579500,174.937649
580000,176.046961
580500,176.367671
581000,175.520679
581500,176.564856
582000,175.89122
582500,176.663578
583000,176.595285
583500,176.14863
584000,177.799211
584500,177.11428
585000,177.871538
585500,176.962018
586000,177.203092
586500,177.257617
587000,177.229357
587500,176.089508
588000,176.082525
588500,177.364776
589000,177.697873
589500,176.46608
590000,176.593829
590500,174.947014
591000,177.942961
591500,177.930833
592000,175.092287
592500,177.222341
593000,177.187161
593500,178.482062
594000,176.86367
594500,178.860758
595000,177.636263
595500,176.663693
596000,177.647726
596500,177.607254
597000,177.415692
597500,179.651716
598000,178.707575
598500,178.137019
599000,178.940088
599500,179.041261
600000,178.339401
600500,174.10684
601000,178.977695
601500,179.739644
602000,171.52668
602500,178.808129
603000,178.633263
603500,178.336263
604000,177.66006
604500,178.415338
605000,179.143817
605500,179.82596
606000,179.812607
606500,179.050469
607000,179.898552
607500,179.480612
608000,178.688326
608500,179.019378
609000,180.230009
609500,180.913581
610000,180.424723
610500,178.298053
611000,179.054695
611500,180.656148
612000,178.566205
612500,180.574619
613000,180.507246
613500,179.353001
614000,179.498061
614500,179.734149
615000,180.06751
615500,179.764613
616000,179.614192
616500,181.658218
617000,179.046853
617500,180.497056
618000,179.809821
618500,181.47118
619000,180.564963
619500,181.09758
620000,180.909382
620500,181.344281
621000,179.988447
621500,179.58158
622000,180.534935
622500,181.102894
623000,180.884122
623500,180.715222
624000,180.067245
624500,181.15169
625000,181.458121
625500,180.336451
626000,182.548792
626500,151.66512
627000,181.344372
627500,180.507695
628000,179.253778
628500,168.922355
629000,182.568053
629500,181.441651
630000,180.73819
630500,180.939453
631000,182.110602
631500,181.817521
632000,178.407278
632500,181.385279
633000,181.450438
633500,182.224022
634000,181.866227
634500,181.058933
635000,180.823024
635500,181.814273
636000,181.816472
636500,182.008958
637000,181.687165
637500,182.735096
638000,182.661747
638500,181.893315
639000,181.310718
639500,181.705454
640000,182.346515
640500,181.815109
641000,182.075939
641500,182.864887
642000,183.064917
642500,181.632575
643000,183.232376
643500,182.22727
644000,183.865541
644500,183.021261
645000,182.813845
645500,182.244173
646000,183.64927
646500,181.629386
647000,181.630879
647500,183.555195
648000,184.070455
648500,183.528534
649000,182.906899
649500,184.322182
650000,183.061056
650500,184.341132
651000,184.131658
651500,184.12332
652000,184.394948
652500,183.628338
653000,184.087334
653500,183.981371
654000,183.879635
654500,183.990494
655000,184.467212
655500,184.867234
656000,185.030159
656500,183.973055
657000,185.252859
657500,182.575359
658000,184.686348
658500,181.065674
659000,184.320874
659500,185.032402
660000,184.47508
660500,185.921246
661000,184.526912
661500,184.398672
662000,185.292747
662500,185.192507
663000,185.225981
663500,184.666572
664000,186.039624
664500,185.393872
665000,186.008493
665500,185.799776
666000,186.012407
666500,185.28152
667000,185.672228
667500,185.882217
668000,185.427457
668500,186.331398
669000,186.534034
669500,162.907078
670000,185.896801
670500,186.552373
671000,186.059574
671500,186.245389
672000,186.239172
672500,181.066885
673000,186.658852
673500,185.621436
674000,184.615308
674500,185.568336
675000,186.271322
675500,185.89928
676000,186.923085
676500,186.2987
677000,185.69499
677500,186.864845
678000,185.417844
678500,186.418628
679000,184.874014
679500,185.374948
680000,186.566556
680500,187.31386
681000,186.767889
681500,186.665156
682000,187.193107
682500,186.877068
683000,186.573877
683500,186.286957
684000,187.556168
684500,186.887905
685000,161.946039
685500,186.809421
686000,187.47368
686500,187.253554
687000,186.644166
687500,187.641594
688000,187.685897
688500,186.49868
689000,187.556373
689500,187.954554
690000,186.885468
690500,186.695958
691000,187.529007
691500,187.123763
692000,186.617377
692500,187.305876
693000,185.860191
693500,186.332744
694000,187.354606
694500,188.361522
695000,187.184799
695500,187.651174
696000,187.826503
696500,187.582809
697000,188.405311
697500,188.230895
698000,187.354237
698500,187.491648
699000,186.297535
699500,187.073578
700000,188.896608
700500,188.023606
701000,183.352929
701500,186.483752
702000,182.991816
702500,188.121188
703000,188.125892
703500,188.868155
704000,187.536769
704500,186.075551
705000,186.999596
705500,188.02171
706000,188.143833
706500,149.879976
707000,187.825114
707500,188.281718
708000,187.552039
708500,188.757894
709000,188.096009
709500,189.164507
710000,189.080442
710500,188.313553
711000,189.498449
711500,187.763413
712000,188.297383
712500,188.057352
713000,184.860078
713500,186.687754
714000,189.478536
714500,186.197557
715000,188.608078
715500,189.042192
716000,187.966583
716500,186.53532
717000,187.940455
717500,189.101356
718000,188.730715
718500,187.661377
719000,188.960381
719500,188.86881
720000,189.607501
720500,188.634084
721000,189.804603
721500,189.657498
722000,189.923285
722500,189.46418
723000,186.375107
723500,187.734088
724000,189.276285
724500,188.686601
725000,189.367408
725500,190.692109
726000,189.463212
726500,189.586144
727000,188.694826
727500,189.780846
728000,188.449831
728500,188.529038
729000,190.001656
729500,189.577639
730000,190.549226
730500,189.081111
731000,188.743848
731500,190.002945
732000,190.519511
732500,190.028257
733000,190.136415
733500,191.03061
734000,189.712756
734500,190.870864
735000,189.653722
735500,190.805387
736000,186.490495
736500,188.86015
737000,190.609204
737500,190.315834
738000,189.223823
738500,188.968479
739000,188.205574
739500,189.399537
740000,190.316638
740500,189.752087
741000,188.551238
741500,189.22674
742000,189.531539
742500,190.143971
743000,188.105073
743500,191.411711
744000,189.85614
744500,190.199098
745000,190.193603
745500,191.321608
746000,187.40811
746500,190.671501
747000,191.207835
747500,189.53871
748000,191.155223
748500,189.895391
749000,189.687521
749500,190.587943
750000,191.133719
750500,191.017829
751000,190.523641
751500,191.302782
752000,191.259635
752500,191.231526
753000,191.629038
753500,191.368935
754000,191.601449
754500,192.342133
755000,191.472294
755500,191.637267
756000,191.515374
756500,192.374241
757000,192.240416
757500,191.578805
758000,190.988935
758500,191.066088
759000,191.816039
759500,191.871805
760000,191.959447
760500,191.994539
761000,191.022215
761500,191.198191
762000,192.061931
762500,192.033613
763000,192.67737
763500,192.941548
764000,162.47682
764500,192.948927
765000,191.840424
765500,190.992244
766000,191.103113
766500,191.323238
767000,191.796992
767500,191.996004
768000,192.640201
768500,193.209005
769000,192.814195
769500,192.03902
770000,191.885339
770500,192.846541
771000,192.688778
771500,192.116201
772000,192.826258
772500,193.22028
773000,192.711387
773500,192.717685
774000,190.874761
774500,192.383844
775000,192.635452
775500,193.560247
776000,193.094311
776500,193.309753
777000,193.316214
777500,193.400516
778000,193.313676
778500,192.913008
779000,191.21413
779500,194.16462
780000,192.855899
780500,192.939901
781000,193.808628
781500,192.802908
782000,193.346703
782500,194.058827
783000,193.571205
783500,193.776128
784000,193.718862
784500,192.92492
785000,192.880832
785500,192.019306
786000,194.327036
786500,192.830794
787000,190.185346
787500,190.991687
788000,193.298801
788500,190.870243
789000,193.023321
789500,193.708359
790000,192.799394
790500,193.154574
791000,193.911627
791500,193.964991
792000,192.754779
792500,193.876196
793000,193.841441
793500,194.165095
794000,191.241586
794500,193.705961
795000,193.276016
795500,192.802611
796000,191.738761
796500,193.468978
797000,191.896888
797500,193.643482
798000,193.19356
798500,193.994257
799000,189.538757
799500,194.631001
800000,194.977569
800500,193.792518
801000,193.686388
801500,194.562947
802000,193.058528
802500,194.890173
803000,193.541879
803500,194.905275
804000,193.869433
804500,193.656855
805000,194.869966
805500,193.40192
806000,193.444359
806500,194.759941
807000,192.103871
807500,193.624684
808000,193.056303
808500,193.970561
809000,193.716627
809500,194.07089
810000,195.049827
810500,194.01074
811000,193.498742
811500,194.617807
812000,194.970918
812500,194.593035
813000,192.757454
813500,194.586094
814000,195.10995
814500,194.060084
815000,193.55626
815500,195.479886
816000,195.343878
816500,195.097442
817000,195.47409
817500,195.51704
818000,194.870617
818500,195.80731
819000,195.652042
819500,196.105961
820000,144.574367
820500,195.87637
821000,195.65376
821500,183.285469
822000,194.208545
822500,194.788317
823000,195.171663
823500,194.867005
824000,195.457517
824500,195.229556
825000,147.976661
825500,195.1971
826000,194.200734
826500,142.994144
827000,195.228107
827500,194.226909
828000,193.919551
828500,194.495683
829000,195.564235
829500,194.399963
830000,196.439402
830500,195.681104
831000,195.112274
831500,195.866763
832000,196.427882
832500,195.309391
833000,195.007052
833500,195.821259
834000,195.324461
834500,195.790376
835000,196.242448
835500,196.142764
836000,196.318795
836500,191.79159
837000,193.825781
837500,195.278668
838000,196.145018
838500,143.332098
839000,196.280808
839500,195.945464
840000,195.572085
840500,195.75492
841000,196.523187
841500,195.85051
842000,196.003156
842500,191.68923
843000,194.155932
843500,196.612344
844000,195.2691
844500,196.116859
845000,195.261908
845500,195.598765
846000,195.480943
846500,196.122239
847000,195.822513
847500,195.273759
848000,195.666392
848500,193.782185
849000,194.132609
849500,195.925508
850000,196.006012
850500,196.395905
851000,196.2652
851500,196.340248
852000,196.727828
852500,195.641108
853000,196.230303
853500,196.473557
854000,196.095208
854500,196.205754
855000,196.567709
855500,196.770469
856000,196.483645
856500,197.407849
857000,197.20291
857500,196.173932
858000,197.191285
858500,196.621665
859000,197.598129
859500,195.391476
860000,196.366785
860500,197.306508
861000,197.636424
861500,197.343576
862000,197.07753
862500,197.48567
863000,197.589694
863500,196.104868
864000,197.094317
864500,197.225365
865000,197.203166
865500,146.228317
866000,197.393278
866500,197.525622
867000,141.45179
867500,195.998791
868000,197.53733
868500,196.998187
869000,197.377697
869500,197.24374
870000,197.515141
870500,197.132505
871000,192.158993
871500,193.263431
872000,192.788741
872500,193.096184
873000,194.762927
873500,192.635694
874000,197.02445
874500,195.704731
875000,195.379387
875500,196.434028
876000,197.509864
876500,193.571946
877000,195.871742
877500,195.709063
878000,196.446994
878500,196.963411
879000,196.26102
879500,196.411515
880000,197.029222
880500,196.315417
881000,197.662545
881500,194.933289
882000,197.338746
882500,196.85816
883000,195.531975
883500,196.914012
884000,197.573748
884500,197.790474
885000,196.164057
885500,194.387094
886000,196.684779
886500,197.279198
887000,196.446458
887500,196.952819
888000,196.910804
888500,197.19138
889000,197.430789
889500,196.349567
890000,197.254838
890500,197.763924
891000,197.301866
891500,197.267431
892000,197.541467
892500,196.810113
893000,197.116628
893500,197.124984
894000,196.027441
894500,197.73481
895000,198.436677
895500,194.079072
896000,196.057924
896500,176.423911
897000,196.823461
897500,197.475528
898000,197.326775
898500,196.507967
899000,194.537428
899500,198.303532
900000,197.762887
900500,197.201127
901000,198.161681
901500,198.207592
902000,198.349845
902500,198.174182
903000,197.597916
903500,196.581375
904000,197.920282
904500,179.289241
905000,197.814617
905500,197.73479
906000,198.160701
906500,198.324478
907000,197.17934
907500,198.385885
908000,197.561659
908500,194.544725
909000,198.053753
909500,197.512791
910000,197.822924
910500,197.402544
911000,183.560418
911500,197.228496
912000,196.846339
912500,197.23619
913000,197.682954
913500,197.813346
914000,196.939928
914500,197.407503
915000,197.450862
915500,196.758552
916000,197.221838
916500,198.087393
917000,197.638633
917500,198.562663
918000,197.789059
918500,198.651894
919000,198.160615
919500,198.117345
920000,197.579358
920500,197.90335
921000,197.663027
921500,198.344154
922000,197.198892
922500,197.385408
923000,198.004908
923500,195.180003
924000,198.41464
924500,198.220614
925000,198.588432
925500,197.789352
926000,198.31572
926500,198.138548
927000,198.07927
927500,196.783032
928000,198.283265
928500,198.305534
929000,197.362816
929500,197.796818
930000,198.330015
930500,196.589311
931000,197.264728
931500,198.67942
932000,196.853468
932500,198.81191
933000,198.840449
933500,195.068317
934000,196.619172
934500,198.492163
935000,198.023245
935500,135.141956
936000,197.480879
936500,198.110126
937000,197.551362
937500,195.8632
938000,198.305901
938500,197.941765
939000,195.090668
939500,197.565308
940000,198.166546
940500,198.130026
941000,196.739539
941500,197.530782
942000,198.553319
942500,196.67184
943000,198.053641
943500,145.14272
944000,198.295555
944500,195.71801
945000,197.32732
945500,197.443786
946000,177.834222
946500,198.954471
947000,197.113124
947500,198.802081
948000,196.415833
948500,198.32846
949000,198.745776
949500,198.802409
950000,198.884067
950500,197.280203
951000,196.716016
951500,199.291801
952000,197.773564
952500,197.032288
953000,198.676111
953500,196.178262
954000,198.896999
954500,199.319881
955000,198.1663
955500,198.850538
956000,199.363551
956500,198.464067
957000,199.498756
957500,199.019303
958000,198.762756
958500,198.100322
959000,199.322888
959500,199.01039
960000,197.638765
960500,196.931991
961000,198.792137
961500,199.796234
962000,198.610182
962500,197.389466
963000,198.31493
963500,198.615871
964000,198.741834
964500,198.415144
965000,190.24357
965500,198.407774
966000,198.930081
966500,199.20567
967000,196.269202
967500,198.458333
968000,197.787958
968500,197.763302
969000,198.728682
969500,190.147851
970000,197.343178
970500,198.721913
971000,196.632498
971500,197.349613
972000,196.862503
972500,196.999461
973000,194.211763
973500,196.605611
974000,198.80912
974500,197.37012
975000,198.181444
975500,190.655849
976000,198.515958
976500,198.776274
977000,199.731482
977500,198.257851
978000,198.792212
978500,198.989391
979000,198.800717
979500,198.911439
980000,199.717462
980500,199.627888
981000,199.474929
981500,198.184266
982000,135.493883
982500,196.619863
983000,197.50277
983500,198.909602
984000,198.563335
984500,199.523275
985000,198.943052
985500,198.745332
986000,194.754467
986500,199.203148
987000,197.703676
987500,199.359801
988000,199.278641
988500,199.708169
989000,197.981909
989500,199.436077
990000,198.700782
990500,193.44082
991000,198.714859
991500,197.701535
992000,198.772091
992500,199.110532
993000,198.699565
993500,149.897477
994000,198.294399
994500,194.189206
995000,195.506586
995500,199.245864
996000,199.036425
996500,198.081184
997000,200.196582
997500,199.191552
998000,199.135293
998500,199.227417
999000,199.644758
999500,199.663675
1000000,199.778493
1000500,199.553395
1001000,199.433397
1001500,199.817088
1002000,199.164627
1002500,196.879041
1003000,199.187869
1003500,198.875561
1004000,199.444435
1004500,200.049358
1005000,199.5365
1005500,200.367074
1006000,199.751813
1006500,200.348517
1007000,200.173578
1007500,200.207037
1008000,200.550237
1008500,199.872245
1009000,197.833608
1009500,199.473645
1010000,199.962383
1010500,200.085066
1011000,199.834524
1011500,200.455808
1012000,199.97531
1012500,200.215093
1013000,200.187545
1013500,200.586266
1014000,199.835613
1014500,193.309666
1015000,200.035647
1015500,199.86681
1016000,200.086802
1016500,198.423085
1017000,196.420864
1017500,199.737248
1018000,200.413177
1018500,164.559756
1019000,189.011825
1019500,131.464046
1020000,194.608845
1020500,196.175107
1021000,198.290313
1021500,200.179589
1022000,130.059126
1022500,200.330416
1023000,198.154805
1023500,196.933602
1024000,199.539954
1024500,197.854281
1025000,198.597542
1025500,199.909523
1026000,199.623705
1026500,199.409695
1027000,199.226718
1027500,199.850814
1028000,199.023584
1028500,199.542577
1029000,198.558531
1029500,198.240816
1030000,199.092987
1030500,200.007055
1031000,194.973824
1031500,199.210977
1032000,200.252346
1032500,199.797691
1033000,199.253891
1033500,199.359931
1034000,199.383418
1034500,197.158934
1035000,199.690407
1035500,198.636614
1036000,198.291898
1036500,196.626113
1037000,200.301816
1037500,199.588747
1038000,199.623864
1038500,199.19263
1039000,200.332848
1039500,198.763005
1040000,200.166733
1040500,199.583256
1041000,200.042083
1041500,198.702661
1042000,199.924859
1042500,199.463651
1043000,199.348261
1043500,199.909881
1044000,200.832671
1044500,199.180866
1045000,199.150916
1045500,200.363238
1046000,200.118845
1046500,200.153643
1047000,200.71459
1047500,200.077885
1048000,200.477107
1048500,200.53692
1049000,200.470796
1049500,200.652017
1050000,200.610652
1050500,200.103162
1051000,200.726174
1051500,200.765465
1052000,200.782883
1052500,200.263149
1053000,200.842443
1053500,200.851768
1054000,201.086526
1054500,200.44515
1055000,201.107719
1055500,200.184514
1056000,201.055637
1056500,199.390685
1057000,200.559526
1057500,200.418121
1058000,200.073765
1058500,198.33059
1059000,197.04063
1059500,201.233665
1060000,199.799796
1060500,200.458271
1061000,200.010119
1061500,200.743293
1062000,201.43592
1062500,135.992928
1063000,199.171546
1063500,200.820754
1064000,200.774114
1064500,199.449044
1065000,200.993113
1065500,200.159672
1066000,199.997763
1066500,201.416614
1067000,201.577759
1067500,198.361694
1068000,199.747689
1068500,197.23693
1069000,201.098235
1069500,200.150771
1070000,200.959566
1070500,200.617977
1071000,200.990497
1071500,201.052494
1072000,200.925835
1072500,201.196565
1073000,200.263289
1073500,200.715286
1074000,201.116612
1074500,199.971594
1075000,201.014966
1075500,200.993295
1076000,200.320308
1076500,200.860144
1077000,200.96445
1077500,201.327166
1078000,200.817235
1078500,198.715831
1079000,200.526418
1079500,201.231777
1080000,200.603755
1080500,200.38756
1081000,200.881996
1081500,200.425957
1082000,199.820769
1082500,201.097758
1083000,200.659124
1083500,201.007632
1084000,200.847983
1084500,200.256284
1085000,196.979077
1085500,200.553239
1086000,199.760254
1086500,200.936092
1087000,198.343345
1087500,199.944569
1088000,200.224262
1088500,196.850436
1089000,200.784336
1089500,200.402605
1090000,200.625461
1090500,199.819036
1091000,200.942272
1091500,197.648396
1092000,199.157672
1092500,197.780926
1093000,201.19918
1093500,200.912882
1094000,190.378723
1094500,199.931719
1095000,199.698268
1095500,200.14686
1096000,198.791826
1096500,200.052065
1097000,199.307027
1097500,200.412981
1098000,198.721083
1098500,199.976568
1099000,198.104043
1099500,192.864433
1100000,199.652056
1100500,199.40985
1101000,199.172463
1101500,195.104263
1102000,188.487931
1102500,200.240663
1103000,195.90437
1103500,199.623489
1104000,198.94603
1104500,197.417297
1105000,200.189701
1105500,192.228285
1106000,188.744236
1106500,197.203927
1107000,198.750717
1107500,186.456453
1108000,199.94271
1108500,198.438122
1109000,192.40228
1109500,198.826708
1110000,199.885691
1110500,199.156416
1111000,199.909122
1111500,200.770094
1112000,200.949285
1112500,194.718058
1113000,200.729661
1113500,200.431434
1114000,192.888423
1114500,200.007457
1115000,191.54174
1115500,199.787538
1116000,200.215639
1116500,200.698776
1117000,197.066729
1117500,200.540623
1118000,200.109859
1118500,200.016034
1119000,200.574353
1119500,199.890719
1120000,200.032776
1120500,199.282099
1121000,200.276747
1121500,200.575602
1122000,200.532499
1122500,200.579281
1123000,200.480823
1123500,200.584109
1124000,200.274014
1124500,200.185681
1125000,199.145439
1125500,200.586338
1126000,139.843049
1126500,200.562921
1127000,200.316953
1127500,200.328741
1128000,200.884873
1128500,200.464828
1129000,200.940042
1129500,190.77988
1130000,201.245909
1130500,200.030945
1131000,200.778941
1131500,200.257835
1132000,200.381674
1132500,199.261196
1133000,201.16601
1133500,200.203252
1134000,200.871561
1134500,201.124213
1135000,201.03221
1135500,200.630615
1136000,200.747142
1136500,200.897285
1137000,196.009199
1137500,199.233837
1138000,200.278457
1138500,200.860838
1139000,200.560155
1139500,200.012198
1140000,201.150098
1140500,201.201598
1141000,201.066133
1141500,200.789295
1142000,200.826284
1142500,200.426694
1143000,201.385747
1143500,201.458099
1144000,201.471646
1144500,200.165775
1145000,201.070758
1145500,201.528393
1146000,201.79839
1146500,201.0733
1147000,200.433076
1147500,202.025701
1148000,201.557163
1148500,201.195373
1149000,201.412785
1149500,200.81484
1150000,198.12383
1150500,201.165715
1151000,201.732519
1151500,201.896863
1152000,201.371232
1152500,202.054505
1153000,190.129565
1153500,201.815417
1154000,199.431335
1154500,201.93618
1155000,200.033375
1155500,200.463051
1156000,201.027742
1156500,201.6564
1157000,197.949933
1157500,201.655711
1158000,201.466068
1158500,201.628877
1159000,200.398419
1159500,201.570947
1160000,199.789736
1160500,201.054271
1161000,201.275445
1161500,200.987282
1162000,199.727192
1162500,200.850559
1163000,201.642309
1163500,201.158278
1164000,201.977931
1164500,201.2571
1165000,201.986324
1165500,201.764865
1166000,201.416383
1166500,146.775993
1167000,201.332978
1167500,201.544921
1168000,201.670623
1168500,202.007523
1169000,201.438368
1169500,201.142654
1170000,200.457169
1170500,200.023622
1171000,200.607442
1171500,199.991147
1172000,199.918689
1172500,199.765183
1173000,199.730684
1173500,147.597457
1174000,200.187762
1174500,200.808808
1175000,200.710095
1175500,200.60159
1176000,199.031943
1176500,200.0754
1177000,200.891333
1177500,200.121196
1178000,200.486675
1178500,200.639315
1179000,200.719628
1179500,200.771583
1180000,200.155593
1180500,199.708938
1181000,200.710239
1181500,200.870795
1182000,195.392812
1182500,200.161866
1183000,201.012613
1183500,200.652466
1184000,201.09341
1184500,200.898192
1185000,200.374966
1185500,201.089905
1186000,200.59494
1186500,201.139335
1187000,201.529864
1187500,200.974329
1188000,201.01663
1188500,201.533405
1189000,185.783443
1189500,184.159892
1190000,201.477222
1190500,201.777321
1191000,201.238098
1191500,187.659322
1192000,201.56735
1192500,200.053009
1193000,179.516516
1193500,200.851265
1194000,188.898667
1194500,185.62183
1195000,201.353936
1195500,201.623476
1196000,201.269436
1196500,153.204812
1197000,199.931574
1197500,197.541999
1198000,201.435149
1198500,201.932389
1199000,200.590475
1199500,187.646796
1200000,177.431243
1200500,201.784318
1201000,201.633671
1201500,181.472757
1202000,195.838764
1202500,142.214506
1203000,137.328354
1203500,202.25319
1204000,193.553012
1204500,201.2487
1205000,200.860621
1205500,193.903398
1206000,179.208968
1206500,145.221221
1207000,192.274239
1207500,179.480856
1208000,195.314069
1208500,139.337466
1209000,194.919501
1209500,196.647844
1210000,201.391249
1210500,173.43345
1211000,199.937329
1211500,193.062669
1212000,196.338262
1212500,199.422468
1213000,196.499405
1213500,186.787638
1214000,194.494658
1214500,198.786423
1215000,198.187171
1215500,198.249209
1216000,200.166237
1216500,198.693282
1217000,141.799598
1217500,201.339472
1218000,187.764686
1218500,186.524804
1219000,200.651603
1219500,190.61551
1220000,197.297022
1220500,194.906064
1221000,201.001271
1221500,200.458424
1222000,201.840781
1222500,201.734076
1223000,194.558861
1223500,197.934535
1224000,191.969909
1224500,199.351036
1225000,195.385718
1225500,195.43681
1226000,165.298215
1226500,197.741536
1227000,199.965585
1227500,185.059572
1228000,195.680618
1228500,185.043276
1229000,195.190768
1229500,199.536108
1230000,194.534488
1230500,183.849196
1231000,196.161253
1231500,195.319663
1232000,195.069878
1232500,196.142802
1233000,194.273804
1233500,191.622143
1234000,195.44218
1234500,197.765248
1235000,191.155393
1235500,195.455877
1236000,195.790414
1236500,200.488804
1237000,199.035677
1237500,199.440998
1238000,199.950368
1238500,199.018612
1239000,195.22015
1239500,201.050571
1240000,193.318971
1240500,198.537243
1241000,199.04288
1241500,198.95973
1242000,200.683459
1242500,194.989176
1243000,200.23645
1243500,196.262459
1244000,197.057523
1244500,199.125581
1245000,200.85822
1245500,199.060176
1246000,200.993607
1246500,200.56975
1247000,196.283423
1247500,200.154937
1248000,200.725616
1248500,200.72996
1249000,200.448573
1249500,200.744691
1250000,199.092555
1250500,199.50693
1251000,193.561332
1251500,197.947991
1252000,201.164402
1252500,198.687278
1253000,197.90526
1253500,191.931755
1254000,196.787008
1254500,196.824928
1255000,195.508857
1255500,196.705021
1256000,198.238092
1256500,199.357239
1257000,197.331349
1257500,200.271888
1258000,198.407242
1258500,199.491489
1259000,199.081859
1259500,198.6229
1260000,200.42582
1260500,201.377924
1261000,201.026171
1261500,200.734402
1262000,199.948051
1262500,200.98151
1263000,201.389881
1263500,200.580571
1264000,200.752768
1264500,200.574598
1265000,200.18468
1265500,200.954589
1266000,200.931749
1266500,201.144073
1267000,201.382634
1267500,201.804239
1268000,201.997256
1268500,201.334547
1269000,197.994964
1269500,200.523094
1270000,201.403379
1270500,198.65868
1271000,190.488624
1271500,201.558768
1272000,201.56768
1272500,201.559414
1273000,200.131664
1273500,201.370442
1274000,201.58888
1274500,201.561698
1275000,202.107945
1275500,178.006887
1276000,201.66786
1276500,201.17116
1277000,201.103475
1277500,198.339823
1278000,201.813193
1278500,200.1886
1279000,193.322762
1279500,200.144299
1280000,199.857767
1280500,201.261043
1281000,201.026029
1281500,196.586969
1282000,200.030249
1282500,201.158271
1283000,201.403703
1283500,200.715031
1284000,201.418653
1284500,200.335174
1285000,200.232374
1285500,201.459612
1286000,199.847917
1286500,200.38228
1287000,200.936283
1287500,200.912149
1288000,200.232641
1288500,198.796374
1289000,198.407309
1289500,201.742673
1290000,201.804248
1290500,200.940689
1291000,201.797727
1291500,200.915209
1292000,202.364141
1292500,201.545903
1293000,197.450827
1293500,202.054781
1294000,201.586831
1294500,201.733913
1295000,196.606484
1295500,202.437433
1296000,202.48806
1296500,199.7075
1297000,202.351007
1297500,202.025671
1298000,201.913374
1298500,202.190975
1299000,201.920671
1299500,201.363617
1300000,202.029732
1300500,202.000683
1301000,201.532395
1301500,198.637378
1302000,201.812145
1302500,199.180953
1303000,200.859939
1303500,199.410669
1304000,185.029663
1304500,198.951726
1305000,199.466363
1305500,199.039389
1306000,199.122021
1306500,200.630951
1307000,198.206766
1307500,199.85802
1308000,201.834068
1308500,197.624175
1309000,198.363728
1309500,200.545441
1310000,200.413655
1310500,200.026041
1311000,201.875818
1311500,200.068399
1312000,201.450998
1312500,198.582964
1313000,201.6585
1313500,201.36381
1314000,202.197434
1314500,201.717408
1315000,202.242639
1315500,187.986867
1316000,199.217849
1316500,200.516583
1317000,191.240465
1317500,201.284752
1318000,196.361689
1318500,200.491503
1319000,199.215467
1319500,201.419561
1320000,200.508025
1320500,200.508817
1321000,199.812335
1321500,201.800913
1322000,201.892561
1322500,201.946313
1323000,198.627735
1323500,201.931189
1324000,201.648189
1324500,201.975604
1325000,202.271951
1325500,202.074004
1326000,202.0146
1326500,202.343911
1327000,202.119458
1327500,201.671859
1328000,202.436763
1328500,202.251335
1329000,202.659979
1329500,201.896403
1330000,202.695734
1330500,202.800191
1331000,202.708855
1331500,202.707324
1332000,202.073576
1332500,202.133584
1333000,202.325513
1333500,202.44419
1334000,202.508154
1334500,202.498209
1335000,202.944078
1335500,202.422371
1336000,202.355701
1336500,202.152228
1337000,195.693774
1337500,202.758528
1338000,197.604109
1338500,203.008749
1339000,184.979454
1339500,202.57242
1340000,201.600585
1340500,202.234092
1341000,201.290388
1341500,202.565682
1342000,201.888543
1342500,202.324479
1343000,202.349742
1343500,200.463414
1344000,202.812629
1344500,195.092838
1345000,202.774094
1345500,202.907005
1346000,202.9373
1346500,202.666567
1347000,202.867153
1347500,202.8141
1348000,202.773727
1348500,203.21804
1349000,202.785018
1349500,203.049299
1350000,202.434952
1350500,198.402804
1351000,200.924079
1351500,202.441797
1352000,201.793581
1352500,202.392081
1353000,202.230195
1353500,202.393112
1354000,202.62659
1354500,202.456425
1355000,202.532221
1355500,202.202877
1356000,202.306997
1356500,202.084626
1357000,201.551198
1357500,202.414124
1358000,202.418073
1358500,202.565132
1359000,202.256912
1359500,197.367923
1360000,201.268194
1360500,202.319955
1361000,197.893775
1361500,202.444085
1362000,197.412855
1362500,196.371003
1363000,197.206727
1363500,201.862774
1364000,196.671944
1364500,198.793539
1365000,202.197934
1365500,201.91284
1366000,197.817452
1366500,202.500964
1367000,197.719977
1367500,197.931349
1368000,202.070935
1368500,202.13956
1369000,200.921617
1369500,200.528943
1370000,202.614152
1370500,197.434567
1371000,202.23755
1371500,200.131221
1372000,201.051879
1372500,198.479468
1373000,198.565313
1373500,202.143202
1374000,199.109909
1374500,201.787591
1375000,201.321736
1375500,198.722946
1376000,201.775028
1376500,201.874426
1377000,202.184869
1377500,201.697303
1378000,201.581366
1378500,202.037301
1379000,202.214441
1379500,202.447461
1380000,202.39108
1380500,202.314255
1381000,202.640129
1381500,202.830034
1382000,202.624504
1382500,202.496295
1383000,202.785601
1383500,202.682275
1384000,202.243151
1384500,202.791409
1385000,202.367183
1385500,202.673084
1386000,202.569228
1386500,202.435299
1387000,202.928473
1387500,202.731996
1388000,202.509298
1388500,202.892174
1389000,202.057153
1389500,202.505891
1390000,202.813323
1390500,202.60483
1391000,200.040139
1391500,202.610245
1392000,203.149366
1392500,202.798791
1393000,203.075364
1393500,202.967487
1394000,202.887411
1394500,202.985719
1395000,202.404062
1395500,203.098934
1396000,202.655039
1396500,202.852651
1397000,202.614647
1397500,202.888225
1398000,202.980178
1398500,199.647783
1399000,202.852002
1399500,202.32807
1400000,202.48669
1400500,201.971233
1401000,202.938813
1401500,202.480706
1402000,202.630143
1402500,202.454499
1403000,203.084045
1403500,186.243062
1404000,202.830509
1404500,202.617155
1405000,202.516734
1405500,203.144293
1406000,203.001894
1406500,202.748859
1407000,203.131998
1407500,202.461945
1408000,202.194574
1408500,203.046207
1409000,202.349727
1409500,203.029942
1410000,203.374248
1410500,202.617629
1411000,202.969043
1411500,203.043437
1412000,202.68789
1412500,202.740444
1413000,203.256272
1413500,201.367222
1414000,203.190013
1414500,202.307213
1415000,197.331435
1415500,201.036451
1416000,202.134789
1416500,198.997825
1417000,201.534294
1417500,201.451844
1418000,201.979197
1418500,200.692966
1419000,191.651744
1419500,199.736255
1420000,201.171032
1420500,201.215056
1421000,202.502269
1421500,201.282949
1422000,202.155229
1422500,202.538617
1423000,201.983505
1423500,201.56935
1424000,199.381391
1424500,202.763351
1425000,200.049876
1425500,190.715998
1426000,192.40095
1426500,201.868095
1427000,199.057135
1427500,202.25254
1428000,202.073942
1428500,201.500943
1429000,196.391387
1429500,195.264336
1430000,201.552441
1430500,202.024309
1431000,197.158683
1431500,200.413767
1432000,195.980146
1432500,202.837683
1433000,201.798396
1433500,202.728363
1434000,201.976196
1434500,200.913177
1435000,201.649046
1435500,198.360746
1436000,195.0595
1436500,199.038012
1437000,199.779081
1437500,198.437623
1438000,200.450071
1438500,201.167036
1439000,201.195499
1439500,201.339441
1440000,200.686761
1440500,202.159181
1441000,199.640493
1441500,201.366327
1442000,199.829505
1442500,202.270166
1443000,200.883447
1443500,201.945295
1444000,201.638547
1444500,203.01799
1445000,202.431579
1445500,203.002282
1446000,202.632286
1446500,201.794698
1447000,201.509759
1447500,202.202347
1448000,201.928685
1448500,201.520357
1449000,201.412235
1449500,201.680761
1450000,201.935051
1450500,202.920482
1451000,202.627363
1451500,202.771347
1452000,202.424612
1452500,202.298999
1453000,202.411006
1453500,201.277292
1454000,202.283392
1454500,202.522678
1455000,203.255939
1455500,202.878879
1456000,203.233054
1456500,201.93634
1457000,202.17739
1457500,203.180411
1458000,201.554391
1458500,202.201026
1459000,202.23683
1459500,203.275121
1460000,202.624214
1460500,202.170651
1461000,200.091417
1461500,202.182534
1462000,201.533116
1462500,200.780964
1463000,201.764186
1463500,199.30191
1464000,199.273291
1464500,202.410205
1465000,202.614701
1465500,203.193511
1466000,202.248981
1466500,202.926993
1467000,198.347226
1467500,199.713202
1468000,202.048549
1468500,201.319671
1469000,202.61162
1469500,197.239634
1470000,202.812402
1470500,201.134208
1471000,201.519431
1471500,201.675271
1472000,201.935851
1472500,202.751718
1473000,203.028312
1473500,202.237153
1474000,203.11703
1474500,202.024109
1475000,202.90541
1475500,197.382786
1476000,202.724841
1476500,202.185298
1477000,202.406838
1477500,203.327651
1478000,202.430759
1478500,202.603435
1479000,203.047679
1479500,202.711041
1480000,203.140131
1480500,203.436981
1481000,203.012781
1481500,203.214248
1482000,202.702306
1482500,202.073084
1483000,202.332852
1483500,202.404395
1484000,202.172705
1484500,203.179793
1485000,202.133042
1485500,200.219086
1486000,203.374424
1486500,201.978701
1487000,202.301488
1487500,203.54305
1488000,203.437489
1488500,202.802382
1489000,203.322798
1489500,202.839164
1490000,203.230367
1490500,203.41109
1491000,203.649362
1491500,199.85877
1492000,202.467511
1492500,203.298532
1493000,193.727968
1493500,202.468889
1494000,201.747135
1494500,202.210155
1495000,185.728412
1495500,200.998097
1496000,202.26338
1496500,202.046663
1497000,203.109872
1497500,202.178798
1498000,201.125268
1498500,201.073241
1499000,198.029219
1499500,203.097024
1500000,191.97982
